招聘名称,发布时间,招聘信息
"牙技师(齿模）助理班,加州政府监管执照学校,CAD/CAM 电脑制作班,6262159128",发布于: 2017/02/11   9:46 am,"求职,全职,文职人员,Rowland Heights周边地区"
"快速转行,高薪就业,小白也能变专家,留学生 OPT,H1B 高薪留美",发布于: 2020/09/17   1:13 pm,"招聘,实习生,电脑相关,大学周边地区,LaneCert Education Group,1455 Monterey Pass Rd #206 Monterey Park CA,是"
"诚聘:经理助理(加州仓/亚特兰大仓)/仓库主管（达拉斯仓),库存专员,仓库工作人员(会开叉车）,收发货人员（欢迎OPT,H1B）",发布于: 2021/11/01   1:37 pm,"招聘,全职,仓库,其他地区,YITA LLC,3990 S Riverside Ave, Colton, CA 92324,否"
百年企业诚征 - 销售规划顾问,发布于: 2018/06/25   10:59 am,"招聘,全职,销售,San Gabriel周边地区,福樂紀念公園 Forest Lawn,是"
车缝工/ 打印员/ 产线工 / 接受OPT / 项目经理 / CMO/ HR /客服双语 等多职位,发布于: 2021/08/05   11:09 am,"招聘,全职,其他,Rowland Heights周边地区,广告印刷公司,462 S HUMANE WAY POMONA CA,否"
无年龄限制 无英文要求 全美急需大量美发美甲美容相关人才 0基础包教包会,发布于: 2022/09/08   10:04 pm,"招聘,其他,其他,Rowland Heights周边地区,VR 美容美发学院  VR美发沙龙,1600 s azusa ave 242 city of industry Ca 91748 （puente hills mall 内一楼 Ross 对面 ）,是"
寻求送包裹的车队,发布于: 2022/06/06   12:12 am,"招聘,其他,其他,San Gabriel周边地区,大型快递公司,Compton California,否"
"比特币矿场运维工程师,月薪$5000起包住和餐补",发布于: 2022/04/25   10:58 am,"招聘,全职,其他,其他地区,KB3 Blockchain INC,否"
"Yu Cake诚聘,烘焙师,社媒运营,甜品,前台,店长",发布于: 2023/03/19   5:41 pm,"招聘,全职,餐厅,San Gabriel周边地区"
大型物流公司多岗位招聘 Operation / 仓库工人,发布于: 2023/03/16   3:17 pm,"招聘,全职,文职人员,其他地区,跨境物流电商公司,1111 W Artisia Blvd Compton CA,否"
"Walnut Fashion Wholesale Company 诚聘 Purchasing Assistant,Accounting Assistant,Shipping & Receiving 起",发布于: 2023/07/06   11:23 am,"招聘,全职,文职人员,Rowland Heights周边地区,否"
"求！求餐馆工作,时薪$2起,无需包吃住,会流利英语、西班牙语,不请假！",发布于: 2023/06/01   11:11 am,"招聘,其他,其他,其他地区,食客通,否"
"诚聘兼职/全职电子产品牌城市销售经理/导购专员 （时薪$20- $45,另加提成）",发布于: 2021/12/07   2:35 pm,"招聘,全职,销售,Rowland Heights周边地区,Cacuq usa inc,17711 Rowland st, Rowland heights, CA, 91748 Rowland Heights California,否"
"(安大略国际机场附近海外仓) 高薪诚聘 ！! 财务助理,叉车师傅,卡车调度,卡车司机,物流专员多名",发布于: 2022/03/15   12:21 pm,"招聘,全职,仓库,Chino周边地区,Ontario CA,否"
临床研究项目诚征75岁健康华裔志愿者,发布于: 2023/06/15   3:17 pm,"招聘,兼职,其他,San Gabriel周边地区,Parexel International ,1560 E Chevy Chase suite 140 Glendale CA,否"
Bosue诚聘网店的日常运营管理（内容/促销/产品）,发布于: 2023/06/15   10:08 am,"招聘,兼职,其他,其他地区,Bosue,324 s diamond bar blvd 717 diamond bar CA,是"
烧肉庄园后厨招人 ！,发布于: 2023/06/22   11:46 am,"招聘,全职,其他,Rowland Heights周边地区,iwagyu 烧肉庄园,17865 colima rd city of indurstry,否"
时薪$25-$30！中医诊所急聘前台-Santa Monica,发布于: 2017/06/10   2:04 pm,"招聘,全职,文职人员,其他地区,Beijing Chinese Medical Center,否"
酒店（停业装修中）高薪征以下长期全职职岗,发布于: 2023/02/10   10:26 am,"招聘,全职,其他,Chino周边地区,Ontario Gateway Hotel,2200 E Holt Blvd x Ontario CA,否"
"Chino小型FBA转运仓招聘办公室操作,客服等岗位",发布于: 2023/06/26   10:11 pm,"招聘,全职,仓库,Chino周边地区,Feico Group Corp,13626 Monte Vista Ave STE D Chino CA,否"
乔治亚州招聘全职低压电工 月薪 6000 美金加绩效奖金,发布于: 2023/07/05   7:37 am,"招聘,全职,其他,其他地区,LN Energy,否"
"Rancho 卡车公司诚聘A照SOLO司机,TEAM 司机,长途调度",发布于: 2023/07/03   11:15 am,"招聘,全职,司机,Chino周边地区,KSA EXPRESS INC,9180 Center Ave RANCHO CUCAMONGA California,否"
高薪诚聘数名仓库工作人员 [全职],发布于: 2023/07/07   11:54 am,"招聘,全职,仓库,Rowland Heights周边地区,淨水系統生產公司,301 S Brea Canyon Rd, City of Industry, CA 91789 City of Industry CA,否"
Ontario 卡车公司诚聘操作员,发布于: 2020/10/28   1:48 pm,"招聘,全职,文职人员,Chino周边地区,否"
"国际报关物流公司诚征客服人员,助申办H1B及绿卡",发布于: 2020/12/12   4:44 pm,"招聘,全职,文职人员,其他地区,国际报关物流公司诚征客服人员，助申办H1B及绿卡 ,否"
Downtown LA 公司招助理文员,发布于: 2023/07/17   9:43 am,"招聘,全职,文职人员,San Gabriel周边地区,CHICWAYS,1173 Crocker St. Los Angeles CA,否"
[高薪] 物流操作/拖车协调员 [物流科技公司诚聘],发布于: 2023/07/13   9:46 pm,"招聘,全职,文职人员,其他地区,DrayEasy Inc.,Ontario CA,否"
诚聘全职/兼职！$20-$25/小时共享办公室前台,发布于: 2022/03/31   6:11 pm,"招聘,全职,文职人员,San Gabriel周边地区,Onboard Coworking安博空间,9650 TELSTAR AVE UNIT A EL MONTE CA,否"
"Rancho Cucamonga 大型仓库诚聘-仓库工人,仓库文员",发布于: 2023/04/26   8:58 am,"招聘,全职,仓库,Chino周边地区,Ameziel Inc,8291 Milliken Ave Rancho Cucamonga CA,否"
[Newsweek 新闻周刊] 获奖全美宠物品牌招聘仓库多个职位,发布于: 2023/04/10   2:38 pm,"招聘,全职,仓库,Chino周边地区,Blueberry Pet,否"
Shopify Amazon Kickstarter 独立站DTC品牌运营 电商顾问,发布于: 2023/03/22   8:22 pm,"求职,全职,电脑相关,Orange County"
起薪$17-$25/hr 高成长企业招聘全职 办公室助理/物流协调员,发布于: 2023/07/19   11:43 am,"招聘,全职,文职人员,San Gabriel周边地区,Luseta Beauty Inc,S El Monte,否"
会计师事务所诚聘,发布于: 2023/07/17   2:21 pm,"招聘,全职,文职人员,Rowland Heights周边地区,HONGAN ACCOUNTANCY CORPORATION,CASTLETON ST CITY OF INDUSTRY CA,否"
20万尺海外仓招聘,发布于: 2023/06/26   2:03 pm,"招聘,全职,仓库,Chino周边地区,否"
韩国第一环境家电Coway USA 华人部 诚聘销售经理,发布于: 2021/05/21   11:43 am,"招聘,全职,销售,Orange County,Coway USA 美国华人部,4221 Wilshire Blvd Suite 308 Los Angeles CA90010,否"
$时薪20-30！招带货主播/助理/司机/仓库/订单,发布于: 2020/09/12   8:04 am,"招聘,兼职,销售,Chino周边地区,Jiicow,rancho cugamonga,否"
"海关报关师,年入12万美元",发布于: 2017/08/24   3:44 pm,"招聘,全职,文职人员,San Gabriel周边地区,USA Golden Key,是"
送餐 外卖,发布于: 2023/07/22   5:54 pm,"招聘,全职,司机,其他地区,是"
诚聘销售经理,发布于: 2023/06/05   7:05 pm,"招聘,全职,销售,其他地区,龙贸易有限公司,否"
物流助理 (Logistic Coordinator),发布于: 2023/05/30   3:21 pm,"招聘,全职,文职人员,Rowland Heights周边地区,Hubs Supply Chain Solutions Inc,12930 Alondra Blvd Cerritos CA,否"
招聘销售助理,发布于: 2023/06/02   9:32 am,"招聘,全职,销售,其他地区,Weida Technology,否"
招聘 司机 无身份送餐,发布于: 2023/07/22   12:16 pm,"招聘,短期工作,司机,其他地区,doordash uber,是"
Irvine面食店,发布于: 2023/07/22   5:42 pm,"招聘,全职,餐厅,Orange County,noodle,否"
上市公司仓库以及办公室招贤纳士,发布于: 2023/07/20   5:16 pm,"招聘,全职,仓库,San Gabriel周边地区,CTS GLOBAL SUPPLY CHAIN SOLUTIONS,2300 S Eastern ave commerce ca,否"
招聘超市试吃促销员数名,发布于: 2023/07/22   5:36 pm,"招聘,兼职,销售,Rowland Heights周边地区,否"
"Chino Hills 美容院诚聘,前台,美容师",发布于: 2019/10/16   10:36 pm,"其他,全职,其他,Chino周边地区"
招女分菜员,发布于: 2023/07/22   5:30 pm,"招聘,兼职,餐厅,大学周边地区"
招聘 Cricket Wireless Now Hiring,发布于: 2021/06/28   4:09 pm,"招聘,全职,销售,Orange County,Cricket Wireless,否"
招聘,发布于: 2023/07/22   5:24 pm,"其他,兼职,餐厅,大学周边地区"
尔湾美甲店招聘美甲师美睫师6266241255,发布于: 2022/01/01   10:43 am,"招聘,兼职,其他,Orange County"
招聘全职和兼职店员！美国大卖场！商场柜台场地出租！,发布于: 2023/07/22   5:18 pm,"招聘,兼职,仓库,Rowland Heights周边地区,否"
Chino海外仓诚聘仓库操作人员、运营助理(带薪假期、奖金),发布于: 2022/10/17   2:05 pm,"招聘,全职,司机,Chino周边地区,Chino CA,否"
"[长期招聘]长途卡车司机,无需经验需要英文,w2报税月入4k-8k。有人抄袭,谨防假冒。",发布于: 2022/09/06   8:06 pm,"招聘,全职,司机,Chino周边地区,否"
"Temecula 招美睫学员,免费,学成留店工作。",发布于: 2021/10/05   5:46 pm,"招聘,兼职,文职人员,其他地区,Una Lash,Temecula,否"
Fontana仓库诚招多岗位员工,发布于: 2020/10/28   12:50 pm,"招聘,全职,仓库,Chino周边地区,否"
天普肉类超市招全职营业员,发布于: 2023/07/16   6:04 pm,"招聘,全职,销售,San Gabriel周边地区,否"
诚聘美妆日化包材销售经理,发布于: 2022/04/20   5:39 am,"招聘,全职,销售,Chino周边地区,NingBo YiJiang Commodity,否"
Chino诚聘英文流利店员2名,发布于: 2022/04/08   6:08 pm,"招聘,全职,仓库,Chino周边地区,全职店员2名,否"
洛杉矶牙科中心招聘啦,发布于: 2023/04/18   11:22 am,"招聘,全职,文职人员,Chino周边地区,否"
Fontana仓库诚招全职仓库员工,发布于: 2021/07/07   12:15 pm,"其他,全职,仓库,Chino周边地区"
保险公司招聘,发布于: 2023/06/23   11:24 am,"招聘,兼职,销售,Rowland Heights周边地区"
聘请FM培训生&会计 欢迎new graduate ️sponsor身份！,发布于: 2023/07/17   5:12 pm,"招聘,全职,文职人员,Rowland Heights周边地区,Link US Transportation,否"
Torrance日餐堂吃店招聘企台,发布于: 2023/07/22   4:39 pm,"招聘,全职,餐厅,其他地区,否"
贸易公司位于City of Industry 诚聘Sales Representative & Customer Service Representative,发布于: 2021/11/25   9:30 pm,"招聘,全职,销售,Rowland Heights周边地区,Mayflower Auto Equipments Inc,City of Industry CA,否"
"美国海军技术工种岗位招聘中,经济衰退时期的避风港,一旦拥有,别无所求！",发布于: 2021/10/24   9:35 pm,"招聘,全职,其他,大学周边地区,美国,288 S San Gabriel San Gabriel CA,否"
招聘操作,发布于: 2023/07/21   10:09 pm,"招聘,全职,仓库,Rowland Heights周边地区,否"
EL MONTE - FRONT DESK JOB -前台-人员,发布于: 2021/08/03   2:26 pm,"招聘,兼职,文职人员,San Gabriel周边地区,否"
招生鲜包裹配送司机 需自带七人座Van,发布于: 2023/07/07   7:39 pm,"招聘,全职,司机,Orange County,否"
"美国海军招聘现役及预备役人员（最新考试仅需10分,放宽年龄17-42岁）",发布于: 2022/10/06   10:03 pm,"招聘,全职,其他,Rowland Heights周边地区,US NAVY,否"
专业室内装修大工求职,发布于: 2023/02/17   8:23 am,"招聘,全职,其他,San Gabriel周边地区,燕子家装,否"
求川湘菜馆后厨工作…或日餐,发布于: 2023/07/22   4:09 pm,"求职,全职,餐厅,其他地区"
诚聘汽车钣金师傅Body Man,发布于: 2023/06/26   8:07 pm,"招聘,全职,其他,San Gabriel周边地区,temple city 天普汽车钣金店,否"
"协助新手拨打驾照电话,报名",发布于: 2023/07/15   10:09 am,"招聘,兼职,司机,San Gabriel周边地区,Sean,否"
招聘长途solo卡车司机,发布于: 2023/05/11   6:06 pm,"招聘,全职,司机,Rowland Heights周边地区,否"
Temple City 培训学校前台(时薪 $17-$20加Bonus/兼职/ 中英双语),发布于: 2021/12/21   1:19 am,"招聘,兼职,文职人员,San Gabriel周边地区,Seeds Academy,9443 1/2 Las Tunas Dr. Temple City CA,否"
专做地板安装,发布于: 2023/07/21   10:19 am,"求职,全职,其他,其他地区"
美国陆军U.S.ARMY 招兵 现役/预备役/军官/飞行员,发布于: 2022/11/30   12:09 pm,"招聘,全职,其他,San Gabriel周边地区,美国陆军 （U.S.ARMY),1229 E. Colorado Blvd suite 150 Pasadena CA,否"
律师事务所招人,发布于: 2023/02/17   11:44 pm,"招聘,全职,文职人员,其他地区,移民律师事楼,18000 Studebaker Road Cerritos,否"
新直销公司优惠活动中招募创始会员,发布于: 2023/07/20   1:05 pm,"求职,兼职,销售,San Gabriel周边地区"
"指导报考邮局:南加州正在圣盖博谷 所有城市招聘邮递员,从今天 07/22 开始到本月 26 日结束",发布于: 2023/04/26   11:23 am,"招聘,全职,其他,San Gabriel周边地区,圣盖博谷 和橙 县的许多城市正在招聘助理邮递员, Arcadia, Monrovia,否"
诚聘 Marketing Specialist 市场营销专员,发布于: 2022/11/14   1:21 pm,"招聘,全职,文职人员,Chino周边地区,60 Freeway Milliken Ave,否"
会计师事务所聘请会计,发布于: 2021/06/04   8:46 pm,"招聘,全职,文职人员,San Gabriel周边地区,Temple City California,否"
聘请办公室助理 (El Monte),发布于: 2022/06/01   6:53 pm,"招聘,全职,文职人员,San Gabriel周边地区,橱柜批发公司,否"
玩具批发公司招聘业务助理,发布于: 2023/06/23   12:38 pm,"招聘,全职,文职人员,San Gabriel周边地区,Baifu International Trading Co.,否"
纯白富好区美甲店诚聘熟手美甲师工资保底,发布于: 2021/08/01   10:53 pm,"招聘,全职,其他,其他地区,否"
招聘长期稳定新手卡车司机/一年以上卡车司机/行政调度助理,发布于: 2023/07/16   9:12 pm,"招聘,全职,司机,其他地区,AMBO logistics,否"
司机师傅,发布于: 2023/07/18   3:00 pm,"招聘,全职,司机,San Gabriel周边地区,否"
招聘新人,发布于: 2023/07/17   5:32 pm,"招聘,全职,销售,San Gabriel周边地区,BESTA CONSTRUCTION LLC /77 DREAM HOME ,否"
"招聘3年驾照,码头司机",发布于: 2023/07/17   9:57 am,"招聘,全职,司机,其他地区"
EL MONTE 瓷砖店诚招店内销售人员,发布于: 2022/06/16   10:43 am,"招聘,全职,销售,San Gabriel周边地区,否"
"长途卡车公司诚聘SOLO司机,主跑中部货源及时",发布于: 2023/07/08   11:08 pm,"招聘,全职,司机,Rowland Heights周边地区,Umatrix transportation inc,否"
招长途卡车 新手副驾,发布于: 2023/07/03   9:20 am,"招聘,全职,司机,San Gabriel周边地区,el monte,否"
地毯木板公司诚聘2名前台,发布于: 2017/05/02   11:22 am,"招聘,全职,文职人员,Rowland Heights周边地区,地毯大王,16438 E Valley blvd La puente Ca 91744,否"
Office Assistant Open position for Shipping assistant 仓库助理,发布于: 2016/08/28   2:35 pm,"招聘,全职,仓库,Orange County,Rosevera Corp,14301 S Gannet st La Mirada California,否"
"招聘小工,",发布于: 2023/07/22   2:47 pm,"招聘,其他,其他,San Gabriel周边地区,否"
IT 公司诚聘项目经理、行政助理,发布于: 2023/06/28   10:43 pm,"招聘,全职,文职人员,Rowland Heights周边地区,Digitalsystem,否"
"聘请小工,",发布于: 2023/01/24   8:56 pm,"招聘,其他,其他,San Gabriel周边地区,否"
大型卡车公司招solo 司机 、自组team,发布于: 2023/06/01   10:11 am,"招聘,全职,司机,Chino周边地区,否"
国内大型企业分公司招聘电商客服办公室文职！期待你的加入,发布于: 2023/06/29   5:07 pm,"招聘,全职,文职人员,Rowland Heights周边地区,SUNNY SHOWER USA INC,否"
美睫美睫美睫,发布于: 2023/07/22   2:37 pm,"招聘,其他,其他,Rowland Heights周边地区,否"
招聘兼职前台,发布于: 2022/10/08   8:39 pm,"招聘,兼职,其他,Chino周边地区,否"
发廊招发型师,发布于: 2022/08/08   10:19 pm,"招聘,全职,其他,San Gabriel周边地区,否"
工业市仓库招26尺货车司机,发布于: 2023/07/22   2:31 pm,"招聘,全职,司机,San Gabriel周边地区,DSQ,780 Nogales st city of industry 工业市 CA,否"
超市招聘周六日促销试吃员数名,发布于: 2023/07/22   2:29 pm,"招聘,其他,其他,Rowland Heights周边地区,否"
亚马逊招聘,发布于: 2023/07/22   2:28 pm,"招聘,其他,其他,其他地区,否"
招聘长期稳定新手卡车司机/一年以上卡车司机/行政调度助理,发布于: 2023/07/17   1:18 pm,"招聘,全职,司机,其他地区,OASIS招聘,否"
抖音 广告 宣传片 短片 MV 婚礼 预告 剪辑,发布于: 2023/02/17   10:50 am,"求职,全职,电脑相关,San Gabriel周边地区"
"招聘美睫师,生手熟手均可,工资高",发布于: 2022/06/11   5:37 pm,"招聘,全职,其他,Rowland Heights周边地区,否"
英语教学及英语翻译,发布于: 2022/11/15   7:42 pm,"求职,兼职,其他,其他地区"
San Gabriel 招聘美甲师!月收入6000+,发布于: 2018/09/15   9:46 pm,"招聘,全职,其他,San Gabriel周边地区,否"
解密物流卡车调度培训,发布于: 2023/03/22   7:51 pm,"招聘,全职,文职人员,Rowland Heights周边地区,J&M Logistics,3930  Valley Blvd Unit C Walnut CA 91789,否"
"画室招前台,美术老师,陶艺老师[Temple City]",发布于: 2023/02/01   3:04 pm,"招聘,兼职,其他,San Gabriel周边地区,否"
招聘 全职 兼职美睫师 美睫学员,发布于: 2018/10/22   1:08 pm,"招聘,全职,其他,Orange County,否"
安大略Ontario招全职送货司机,发布于: 2023/07/12   9:41 pm,"招聘,全职,司机,Chino周边地区,MKJ Window Coverings,否"
"求职：专业广告摄影师,平面设计师,视频拍摄剪辑师",发布于: 2022/12/14   5:31 pm,"求职,兼职,电脑相关,Rowland Heights周边地区"
仓库招聘,发布于: 2023/07/22   1:57 pm,"招聘,全职,仓库,Rowland Heights周边地区,否"
高薪诚聘海外仓员工,发布于: 2023/05/13   4:17 pm,"招聘,全职,仓库,Rowland Heights周边地区,Mz,EI Monte 正常,否"
招聘司机,发布于: 2023/07/21   8:47 pm,"招聘,其他,其他,其他地区,否"
清洁公司招聘,发布于: 2021/09/12   9:19 am,"招聘,全职,司机,San Gabriel周边地区,清洁公司,否"
美国参军 稳定的工作 福利待遇,发布于: 2021/04/12   3:44 pm,"招聘,全职,其他,Orange County,美国陆军,12251 Imperial HWY Norwalk CA,否"
快餐请帮炒,发布于: 2023/07/15   1:39 pm,"招聘,全职,其他,San Gabriel周边地区,否"
公司招聘会计,发布于: 2023/07/10   3:15 pm,"招聘,全职,文职人员,San Gabriel周边地区,物流公司,否"
仓库全职工作 Rancho Cucamonga 多名 $16/小时 起,发布于: 2023/04/17   1:28 pm,"招聘,全职,仓库,Chino周边地区,否"
James卡车调度服务&培训,发布于: 2021/08/24   8:50 am,"招聘,全职,文职人员,Rowland Heights周边地区,James卡车调度服务&培训,18253 Colima Road Rowland Heights CA,否"
"留学生OPT,CPT & H1B 高薪留美,退役军人和低收入免费学成变专家,十五万年薪轻松拿！",发布于: 2023/06/02   3:24 pm,"招聘,实习生,电脑相关,大学周边地区,LaneCert Education Group LLC,1455 Monterey Pass Rd #206 Monterey Park CA,是"
诚招赌场巴士司机和巴士导游,发布于: 2023/07/22   1:10 pm,"招聘,全职,其他,San Gabriel周边地区,否"
Montclair营养品公司诚招办公室助理$19-24,发布于: 2023/07/21   2:17 pm,"招聘,全职,文职人员,Chino周边地区,Office,否"
"报关师,年收入12万美元",发布于: 2023/06/01   1:00 pm,"招聘,全职,文职人员,Rowland Heights周边地区,是"
Chino仓库招聘仓库理货人员 叉车司机 出入库,发布于: 2023/07/20   1:17 am,"招聘,全职,仓库,Chino周边地区,ALL BUY LOW, INC.,13780 CENTRAL AVE CHINO CA,否"
诚聘 有执照 美睫师、 留店学员,发布于: 2019/11/14   4:04 pm,"招聘,全职,其他,San Gabriel周边地区,否"
招聘Uber Black 司机,发布于: 2023/07/03   12:44 pm,"招聘,全职,司机,其他地区,否"
"求职搬家工,装橱柜,叉车,装修小工",发布于: 2023/07/05   6:34 pm,"求职,其他,其他,San Gabriel周边地区"
淘宝店铺招主播/助理,发布于: 2023/07/13   9:45 pm,"招聘,全职,其他,Rowland Heights周边地区"
牙医助理,发布于: 2016/12/11   3:00 pm,"招聘,全职,文职人员,San Gabriel周边地区,否"
Office Position Opening in Orange County,发布于: 2023/07/10   10:12 pm,"招聘,全职,文职人员,Orange County,Full time and part time Office/Marketing Assistant/Products Development,否"
美术工作室招聘前台/助理 Orange City,发布于: 2023/07/13   6:17 pm,"招聘,全职,文职人员,Orange County,否"
素美美睫SUMI -技师招聘,发布于: 2016/03/27   4:47 pm,"招聘,全职,其他,Rowland Heights周边地区,Sumi Beauty Station,否"
SOUTH EL MONTE 家具工厂 诚聘基本木工,发布于: 2023/03/30   2:18 pm,"招聘,全职,其他,San Gabriel周边地区,否"
招A照司机,发布于: 2023/06/05   7:56 pm,"招聘,全职,司机,其他地区,否"
生鲜超市诚招肉部师傅,发布于: 2022/09/30   10:15 pm,"招聘,全职,其他,Rowland Heights周边地区,优选生鲜,Damond Bar,否"
Hacienda Heights 征医务助理/Receptionist,发布于: 2023/06/11   11:31 pm,"招聘,全职,其他,Rowland Heights周边地区,2440 S Hacienda Heights Drive unit# 116 hacienda Heights ca,否"
La Verne 拉文奶茶店招聘全职店员,发布于: 2023/07/14   9:14 pm,"招聘,全职,餐厅,其他地区,1207 Foothill Blvd La Verne CA,否"
别人永远偷不走你的本领,发布于: 2023/07/22   12:14 pm,"其他,全职,文职人员,San Gabriel周边地区"
诚聘 仓库操作员,发布于: 2023/05/02   8:32 am,"招聘,全职,仓库,Chino周边地区,Rancho Cucamonga,否"
"电商顾问咨询,电商年销售额6千万美元,亚马逊,Walmart,eBay,Wayfair,Shopify多平台",发布于: 2019/11/05   6:11 pm,"求职,兼职,销售,其他地区"
"华人区国酒茅台专营店诚聘大客户专员,30起薪保险401K 带薪假",发布于: 2022/12/08   3:31 pm,"招聘,全职,销售,San Gabriel周边地区,国酒茅台,1108 S BLADWIN AVE ARCADIA CA,否"
Moon Lash 美睫店诚聘美睫师 $7K-10K/月,发布于: 2022/11/25   10:53 pm,"招聘,全职,其他,San Gabriel周边地区,Moon Lash in South Gate,5840 Firestone Blvd South Gate CA,否"
"招司机Solo司机,0.55/mi 加州需提卸货",发布于: 2023/07/19   2:52 pm,"招聘,全职,司机,Rowland Heights周边地区,否"
圣盖博招聘打杂抓码！,发布于: 2023/01/07   11:12 pm,"招聘,全职,餐厅,San Gabriel周边地区,否"
轻奢品牌门店兼职销售,发布于: 2023/07/12   11:52 am,"招聘,兼职,销售,San Gabriel周边地区,Coach,400 S Baldwin ave Arcadia CA,否"
棕榈泉搭棚,发布于: 2023/07/03   6:35 pm,"招聘,其他,其他,其他地区,否"
牙科 诚聘 牙科助理和前台 Rowland Height 附近,发布于: 2023/02/13   10:13 pm,"招聘,全职,其他,Rowland Heights周边地区,佳美牙科,否"
South Pasadena日式美睫店高薪聘请美睫师,发布于: 2023/05/02   9:50 pm,"招聘,兼职,其他,其他地区"
招经验码头司机,发布于: 2023/07/22   11:25 am,"招聘,全职,司机,其他地区,否"
ONTARIO 周边招聘港口卡车调度,发布于: 2023/07/22   11:25 am,"招聘,全职,文职人员,Chino周边地区,否"
工业市仓库招人,发布于: 2023/07/22   11:24 am,"招聘,全职,仓库,Rowland Heights周边地区,否"
聘业余女模特,发布于: 2021/12/30   1:47 pm,"招聘,兼职,其他,其他地区,模特,否"
洛杉矶快餐店招熟手打杂,发布于: 2023/07/15   1:06 pm,"招聘,全职,餐厅,San Gabriel周边地区,否"
带货网红/平面模特,发布于: 2021/01/18   1:34 pm,"招聘,兼职,其他,San Gabriel周边地区,LUREENVISION,LA CA,否"
State Farm Insurance Job Position Available,发布于: 2019/02/04   4:50 pm,"招聘,全职,销售,Rowland Heights周边地区,State Farm Insurance,否"
Solo求职,发布于: 2023/05/26   4:39 pm,"求职,全职,司机,Rowland Heights周边地区"
诚招海外仓办公室文员,发布于: 2023/05/03   9:34 am,"招聘,全职,仓库,Chino周边地区,否"
金融公司高薪招募经纪人 培训指导上岗,发布于: 2023/06/27   12:07 am,"招聘,全职,文职人员,San Gabriel周边地区,SKY VISION HOLDING 互惠财富集团,是"
高档家具公司请销售,发布于: 2023/07/21   1:37 pm,"招聘,销售,其他,San Gabriel周边地区,是"
仓库理货人员,发布于: 2021/12/19   11:20 am,"招聘,全职,仓库,Chino周边地区,GRAND CHANNEL,否"
电商仓库打包,发布于: 2018/02/11   1:14 pm,"招聘,全职,仓库,Chino周边地区,Prinko Image Inc,440 S SAN DIMAS AVE SAN DIMAS CALIFORNIA,否"
"出一个626开头手机卡,家庭套餐里多出一个号码,5g无限流量高速",发布于: 2023/07/20   7:56 pm,"招聘,其他,其他,其他地区,否"
招聘送货司机,发布于: 2023/03/25   10:37 pm,"招聘,全职,销售,其他地区,Riverside Ca,否"
A照驾照员,发布于: 2021/06/19   8:56 am,"招聘,全职,司机,Chino周边地区"
Commerce 大型办公家具进口商诚聘采购助理,发布于: 2021/07/11   8:55 am,"招聘,全职,文职人员,San Gabriel周边地区,否"
招聘53尺司机,发布于: 2023/07/22   10:24 am,"招聘,全职,司机,Rowland Heights周边地区,否"
Arcadia mall招聘店员,发布于: 2023/07/18   1:50 pm,"招聘,兼职,销售,San Gabriel周边地区,否"
招聘美甲师,发布于: 2022/05/21   7:46 am,"招聘,全职,其他,其他地区,否"
农场招聘工人,发布于: 2022/11/30   12:11 pm,"招聘,全职,其他,其他地区"
招聘兼职美术老师,发布于: 2021/06/09   10:04 am,"招聘,兼职,其他,San Gabriel周边地区,否"
Fontana卡车公司诚招办公室文职助理一名,发布于: 2023/06/22   10:54 am,"招聘,全职,文职人员,其他地区,否"
诚聘技术支持（欢迎应届生应征）,发布于: 2023/04/19   10:29 am,"招聘,全职,电脑相关,Rowland Heights周边地区,Homaxi Inc.,15310 VALLEY BLVD CITY OF INDUSTRY CA,否"
"Colton仓库诚聘:经理助理,库存专员,叉车师傅,收货拣货（欢迎OPT,H1B)",发布于: 2021/06/23   8:29 pm,"招聘,全职,仓库,其他地区,YITA LLC,地址: 3990 S Riverside Ave, Colton CA 92324,否"
招solo司机 加州提卸货 需要1年实际驾驶以上 下车结账 不拖欠工资 ️6265268888,发布于: 2023/07/21   12:53 pm,"招聘,全职,司机,Rowland Heights周边地区,否"
长期招Ontario/Eastvale/Corona仓库工作人员,发布于: 2023/05/24   12:50 pm,"招聘,全职,仓库,其他地区,Ontario/Eastvale/Corona,否"
POTATO Construction 招聘项目经理/助理,发布于: 2021/12/08   4:26 pm,"招聘,全职,文职人员,San Gabriel周边地区,POTATO CONSTRUCTION INC,735 W Duate Red #301, Arcadia, CA, 91007 Arcadia California,否"
海外仓诚聘仓库工作人员,发布于: 2023/07/21   6:14 pm,"招聘,全职,仓库,Rowland Heights周边地区,海外仓诚聘仓库工作人员,S. EL Monte,否"
专业卸柜 海运柜集装箱,发布于: 2023/07/19   4:41 pm,"求职,仓库,其他,Chino周边地区"
Torrance 诚聘熟手美睫师,发布于: 2022/08/22   1:38 pm,"招聘,全职,其他,San Gabriel周边地区,California,否"
El Monte 食品公司招聘司机,发布于: 2022/12/17   1:19 am,"招聘,全职,司机,San Gabriel周边地区,El Monte食品公司,El Monte,否"
招聘仓库经理、货车司机,发布于: 2023/06/28   10:15 am,"招聘,全职,仓库,Chino周边地区,Chino橱柜公司招聘,否"
仓库打包管理,发布于: 2021/08/10   10:54 pm,"招聘,全职,仓库,San Gabriel周边地区,covina ca,否"
美式中餐请企台,发布于: 2023/07/22   8:56 am,"招聘,全职,餐厅,其他地区,cf,oceanside oceanside oceanside ca,否"
牙医助理- 天普市,发布于: 2019/11/07   3:00 pm,"招聘,全职,其他,San Gabriel周边地区,人人牙科诊所,9093 Las Tunas Dr. Temple City 天普市 CA,否"
"诚招车主,卡车调度服务 4%",发布于: 2023/06/12   7:13 am,"招聘,全职,司机,Chino周边地区,否"
保险助理 Customer Service Representative,发布于: 2020/06/12   1:08 pm,"招聘,兼职,文职人员,San Gabriel周边地区,Farmers Insurance Agency,否"
"招聘住家阿姨,Orange County",发布于: 2023/07/21   1:07 pm,"招聘,全职,其他,Orange County"
招聘房地产经纪人,发布于: 2022/02/19   1:46 pm,"招聘,全职,销售,San Gabriel周边地区,L.Ewell Realty,2225 W Commonwealth Ave 116 Alhambra CA 91803,是"
诚聘熟手（码头司机）,发布于: 2023/07/13   3:18 pm,"招聘,全职,司机,Rowland Heights周边地区,否"
常年招聘 宠物 美容 工作,发布于: 2021/07/05   8:10 am,"招聘,全职,其他,Chino周边地区,Q Pet Grooming INC,2665 E Riverside Dr #A Ontario 91761 Ontario,否"
诚聘美术家教老师,发布于: 2023/02/14   1:56 pm,"招聘,全职,其他,Chino周边地区,否"
"美国海军招聘,提供稳定的工作和带薪职业培训（最新考试仅需10分,放宽年龄17-42岁）",发布于: 2022/10/08   12:11 pm,"招聘,全职,其他,Rowland Heights周边地区,美国海军,240 S Brea BId SUITE A Brea,否"
7座塞纳商务车机场接送 旅游包车 洛杉矶价格实惠,发布于: 2023/07/22   8:17 am,"招聘,全职,司机,Rowland Heights周边地区,否"
"海纳卫浴招聘店内销售,5000 +",发布于: 2020/09/12   3:25 pm,"招聘,全职,销售,San Gabriel周边地区,海纳卫浴arrisea bath,2112 rosemead blvd S el monte Ca,否"
"VA -GI BILL,WIOA政府资助项目免费学互联网专家CCIE认证,15万美金年薪轻松拿",发布于: 2023/07/22   8:10 am,"招聘,实习生,电脑相关,大学周边地区,LaneCert Education Group LLC,1455 Monterey Pass Rd #206 Monterey Park CA,是"
诚聘办公室职员,发布于: 2023/03/17   10:59 am,"招聘,全职,仓库,San Gabriel周边地区,否"
"招SOLO长途司机。两年以上驾照,无事故,简单英文加州提卸,0.55一迈",发布于: 2023/07/17   9:49 am,"招聘,全职,司机,其他地区"
"卡车个人车主,找仓库货主合作,价格实惠工作认真,一周7天可以24小时出车",发布于: 2023/06/10   9:58 am,"求职,全职,司机,其他地区"
诚征全职或兼职美容师,发布于: 2023/07/22   7:51 am,"招聘,全职,其他,Rowland Heights周边地区,否"
"一纸认证让零基础小白变大牛,十五万年薪不是梦！低收入人群和退役军人免费学成变专家",发布于: 2023/06/30   5:56 pm,"招聘,实习生,电脑相关,大学周边地区,LaneCert Education Group LLC,1455 Monterey Pass Rd #206 Monterey Park CA,是"
诚聘长途卡车司机,发布于: 2023/01/06   11:46 am,"招聘,全职,司机,Chino周边地区,Fairman,否"
中药房配药,发布于: 2023/07/22   7:16 am,"招聘,兼职,其他,其他地区,TCM,12304 Santa Monica Blvd Ste 120 Los Angeles CA,否"
韩国第一净水器公司招聘销售人员,发布于: 2016/03/05   11:37 pm,"招聘,全职,销售,San Gabriel周边地区,COWAY USA,FOOD COURT Arcedia,否"
找兼职（汽车锁匠）,发布于: 2023/07/22   6:53 am,"求职,兼职,其他,其他地区"
招聘电焊工,发布于: 2021/06/14   11:53 am,"招聘,其他,其他,San Gabriel周边地区,否"
美国参军 福利待遇 稳定的工作,发布于: 2021/04/05   5:12 pm,"招聘,全职,其他,San Gabriel周边地区,美国陆军 招聘,12251 Imperial WY Norwalk CA,否"
招聘留学顾问,发布于: 2022/08/24   6:38 am,"招聘,全职,文职人员,其他地区,常春藤留学公司,是"
招聘全职小车司机,发布于: 2023/07/13   5:40 am,"招聘,全职,司机,San Gabriel周边地区,否"
Health Insurance Sales Account Manager,发布于: 2022/12/28   11:25 pm,"招聘,全职,销售,San Gabriel周边地区,泛宇集团 TransGlobal,185 W. Chestnut Ave. Monrovia, CA 91016 Arcadia CA,否"
安养院聘看护工,发布于: 2023/01/03   10:01 pm,"招聘,其他,其他,San Gabriel周边地区,春暉安養院,12755 Torch St Baldwin Park CA,否"
洛杉矶 El Monte周边请人,发布于: 2021/12/07   11:10 pm,"招聘,全职,其他,San Gabriel周边地区"
"办公室助理$18 - $23,叉车师傅 $4500 以上",发布于: 2023/06/08   9:20 am,"其他,全职,仓库,Chino周边地区"
求职：A照自组Team 寻求短途活儿 周六 至 周日,发布于: 2022/02/01   2:56 pm,"求职,兼职,司机,Rowland Heights周边地区"
[商科金融实习] 华尔街投行 IBD Financial Analyst 实习项目 - OPT/CPT,发布于: 2019/07/09   12:47 pm,"招聘,实习生,其他,其他地区,否"
Corona公司招聘一位仓库操作员（兼职）,发布于: 2020/07/16   4:39 pm,"招聘,兼职,仓库,Chino周边地区,Sublue Technology INC,2047 Cecilia Circle Corona CA,否"
高薪聘请 销售代表,发布于: 2023/07/22   12:13 am,"招聘,全职,销售,Chino周边地区,deftfulfillmentLA, Inc.,否"
圣盖博中餐招企台及后厨打杂,发布于: 2023/07/22   12:09 am,"招聘,全职,餐厅,San Gabriel周边地区,否"
洛杉矶招炒面炒饭师傅,发布于: 2023/07/22   12:07 am,"招聘,全职,餐厅,其他地区,否"
安大略Ontario诚聘仓库助理/主管,发布于: 2020/01/28   3:35 pm,"招聘,全职,仓库,Chino周边地区,Comptree,否"
面馆招一位打杂出餐卤肉师傅工资4300,发布于: 2023/07/21   11:58 pm,"招聘,全职,其他,San Gabriel周边地区,306 N Garfield Ave Monterey park Ca,否"
家庭理财规划师招聘助理,发布于: 2023/07/21   11:52 pm,"招聘,兼职,销售,San Gabriel周边地区,家庭理财规划师,Hunting Dr. San Marino CA,是"
仓库招一名工人周薪1000,发布于: 2023/07/21   11:49 pm,"招聘,全职,其他,San Gabriel周边地区,306 N Garfield Ave Monterey park Ca,否"
"车队公司寻找合作的仓库货主,新车,工作认真负责价格实实在在,吃苦耐劳24小时出车",发布于: 2023/05/31   10:44 am,"求职,全职,仓库,其他地区"
90分钟请企台,发布于: 2023/07/21   11:21 pm,"招聘,全职,餐厅,其他地区"
E&L Global Education 留学中介助理招聘,发布于: 2023/07/16   6:34 pm,"招聘,全职,文职人员,Chino周边地区,E&L Global Education,9764 6th st rancho cucamonga ca,否"
诚聘电子​技术员及射频工程师,发布于: 2021/07/29   5:39 pm,"招聘,全职,电脑相关,San Gabriel周边地区,Wenteq Microwave Corporation,138 W Pomona Ave Monrovia CA,否"
洛杉矶/Rancho Cugamonga 服装设计公司招纳贤士,发布于: 2022/08/13   1:34 pm,"招聘,全职,文职人员,Chino周边地区,Hope Horizon INC.,9764 6th st rancho cucamonga California,否"
招聘副驾司机,发布于: 2023/07/21   11:02 pm,"招聘,全职,司机,其他地区,卡车,否"
招聘电工,发布于: 2023/07/21   10:56 pm,"招聘,全职,其他,Rowland Heights周边地区,否"
招聘仓库工作人员,发布于: 2023/02/21   1:33 am,"招聘,全职,仓库,其他地区,12155 Magnolia Ave Riversideca,否"
美式中餐请企台,发布于: 2023/07/21   10:35 pm,"招聘,全职,餐厅,其他地区,cf,oceanside ca,否"
万豪建筑公司招聘销售代表及建筑人才,发布于: 2022/04/11   11:05 pm,"招聘,全职,文职人员,Rowland Heights周边地区,万豪建筑,1231 S Hacienda Blvd La Puente California,否"
"大型电商公司招聘 (电商销售,办公室助理,缝纫工,FBA运营,美工) 可提供H1B",发布于: 2020/11/17   5:18 pm,"招聘,全职,文职人员,Rowland Heights周边地区,A Color Tree Inc,515 Yorbita Rd La Puente CA,否"
"收一个卡车公司一年以上,dot记录干净",发布于: 2023/07/21   10:15 pm,"招聘,全职,司机,Rowland Heights周边地区,否"
"招A照卡车司机,全程换柜,甩柜",发布于: 2023/07/04   11:09 am,"招聘,全职,司机,Rowland Heights周边地区,否"
招聘前台,发布于: 2023/06/18   10:03 pm,"招聘,全职,销售,San Gabriel周边地区,否"
宠物店诚聘兼职助理,发布于: 2023/07/21   10:12 pm,"招聘,兼职,其他,Chino周边地区,否"
圣盖博美容院诚聘熟手美睫师,发布于: 2023/06/03   10:04 pm,"招聘,全职,其他,San Gabriel周边地区,否"
"Ontario仓库高薪招工,交通便利,环境待遇优",发布于: 2022/04/05   6:16 pm,"招聘,全职,仓库,Chino周边地区,KFA,Ontario CA,否"
"高价招挂靠车主,货价高,货价持续增长,货源充足",发布于: 2023/07/20   7:35 pm,"招聘,全职,司机,Rowland Heights周边地区,否"
求职iOS开发 （苹果软件开发）,发布于: 2023/07/21   9:49 pm,"求职,电脑相关,其他,San Gabriel周边地区"
招聘码头调度助理,发布于: 2023/07/14   1:25 pm,"招聘,全职,文职人员,Chino周边地区,否"
招装修工,发布于: 2023/05/31   8:50 pm,"招聘,全职,其他,San Gabriel周边地区,装修,否"
司机 代驾 跑腿 接送 求职,发布于: 2023/05/14   7:27 pm,"求职,全职,司机,San Gabriel周边地区"
美国海军NAVY招聘 全职/兼职,发布于: 2021/07/13   8:17 pm,"招聘,全职,文职人员,San Gabriel周边地区,US NAVY,否"
Fontana仓库招操作工（全职）多名,发布于: 2021/07/07   1:26 pm,"招聘,全职,仓库,Chino周边地区,否"
求职 !,发布于: 2023/07/02   11:29 am,"求职,全职,文职人员,Chino周边地区"
账户租赁,发布于: 2023/07/21   8:47 pm,"招聘,全职,餐厅,Rowland Heights周边地区,否"
奇诺岗凯悦轩面面店招聘,发布于: 2023/05/27   3:00 pm,"招聘,全职,餐厅,Chino周边地区,凯悦轩面面店,4183 chino hills pkwy chino hills ca,否"
招聘码头调度助理,发布于: 2023/07/21   8:43 pm,"招聘,全职,文职人员,Chino周边地区"
南加门窗工厂急聘数个职位! 超优厚福利! 超伟大前景! 超理想的薪资和工作环境!,发布于: 2023/06/22   10:08 am,"招聘,全职,其他,Chino周边地区,否"
电子商务仓库助理,发布于: 2016/08/28   5:43 pm,"招聘,全职,文职人员,Rowland Heights周边地区,Rosevera Corp,14301 S Gannet st LA MIRADA CA,否"
招聘,发布于: 2022/01/03   3:47 pm,"招聘,全职,仓库,Chino周边地区,Decorarts,1900 S Proforma Ave. #F1 Ontario CA,否"
求职：十年amazon ebay销售专员,发布于: 2022/11/15   6:07 pm,"求职,兼职,电脑相关,San Gabriel周边地区"
招生学员全球营养师培训,发布于: 2023/07/16   6:29 pm,"招聘,兼职,其他,San Gabriel周边地区,bioulife Canada,是"
"急招装修熟手大工 中工数名,有车有工具优先",发布于: 2020/10/27   7:45 pm,"招聘,全职,其他,San Gabriel周边地区,否"
P&C Commercial Line Agent / Producer,发布于: 2023/02/07   11:54 pm,"招聘,全职,文职人员,San Gabriel周边地区,泛宇集团 TransGlobal,1520 Bridgegate Diamond Bar CA,否"
药房助理/无经验可培训/Rancho Cucamonga,发布于: 2020/11/09   3:34 pm,"招聘,全职,文职人员,其他地区,藥房助理/Rancho Cucamonga ,ranch cucamonga ca,否"
"海外仓诚征操作客服等多个岗位,工作地点Fontana",发布于: 2021/10/15   10:00 am,"招聘,全职,仓库,Chino周边地区"
阿市西药用品聘请有诊所经验2或3天$17到$20/小时,发布于: 2023/07/21   7:39 pm,"招聘,兼职,文职人员,San Gabriel周边地区,Alhambra,否"
SunTurf 工业城门店招聘,发布于: 2022/11/23   3:27 pm,"招聘,全职,仓库,Rowland Heights周边地区,Sun Turf Inc.,17008 Evergreen Pl Suite D City of Industry CA,否"
"物流,仓库公司招聘",发布于: 2022/03/08   3:34 pm,"招聘,全职,文职人员,San Gabriel周边地区,ODW INTERNATIONAL INC,6623 e washington blvd commerce CA,否"
诚聘 工程/建筑 工地安排/管理人员,发布于: 2023/02/03   11:16 am,"招聘,全职,电脑相关,San Gabriel周边地区,POTATO CONSTRUCTION INC  土豆建筑,Arcadia,否"
招聘办公室文员,发布于: 2023/07/21   7:15 pm,"招聘,全职,文职人员,Rowland Heights周边地区,否"
招聘文员和加盟商,发布于: 2023/06/07   7:36 am,"招聘,兼职,文职人员,San Gabriel周边地区,洛杉矶鸿运法律移民事务所,否"
课后辅导中英文助理,发布于: 2023/04/04   12:39 pm,"招聘,兼职,其他,Chino周边地区,Busy Bees Education,chino hills ca,否"
美睫店招合作美睫师 美睫学员,发布于: 2021/12/07   11:30 pm,"招聘,其他,其他,Rowland Heights周边地区,Ladylash & Beauty,否"
罗兰岗附近招寿司师傅,发布于: 2023/07/21   6:54 pm,"afc,否"
全美Month2Month最大中租房屋管理公司招聘物业经理和合作的房地产经纪人(房产采购经理)团队啦!,发布于: 2023/07/21   6:53 pm,"招聘,其他,其他,其他地区,Month2Month,否"
美国海航物流-清关高薪聘请,发布于: 2017/08/04   9:52 am,"招聘,全职,文职人员,Rowland Heights周边地区,HIH LOGISTICS INC,17800 Castleton Street SUITE 578 city of industry CA,否"
Orange招聘室内灯具打磨,发布于: 2023/07/21   3:30 pm,"招聘,全职,其他,Orange County,否"
"帕萨迪纳超市招寿司师傅,每日100盒,180/天。",发布于: 2023/07/21   6:47 pm,"招聘,全职,餐厅,San Gabriel周边地区,Fujisan,1390 N Allen Ave Pasadena ca,否"
请办公室助理Diamond Bar,发布于: 2019/10/07   3:27 pm,"招聘,全职,文职人员,Rowland Heights周边地区,否"
La Verne拉文奶茶店招聘店员,发布于: 2023/07/17   12:19 pm,"招聘,全职,餐厅,其他地区,1207 Foothill Blvd La Verne California,否"
"钻石吧货运代理公司招聘运营,可申请H1B",发布于: 2023/07/21   6:31 pm,"招聘,全职,文职人员,Rowland Heights周边地区,货运代理公司,21680 Gateway Center Drive SUITE#128 Diamond Bar CA,否"
洛杉矶接送服务,发布于: 2023/07/21   6:28 pm,"求职,兼职,司机,其他地区"
"钻石吧货运代理公司招聘运营,可申请H1B",发布于: 2023/07/07   5:27 pm,
招聘全职会计Full Charge Bookkeeper,发布于: 2021/03/26   12:32 pm,"招聘,全职,文职人员,San Gabriel周边地区,Alta ,Fontana Fontana CA,否"
招A照司机,发布于: 2023/06/12   6:48 am,"其他,全职,司机,Chino周边地区"
工业市操作招文员OP 待遇好工作气氛佳,发布于: 2023/05/11   10:17 am,"招聘,全职,仓库,Rowland Heights周边地区,否"
招聘熟手油锅 要求报税,发布于: 2023/07/21   6:03 pm,"招聘,全职,餐厅,其他地区,否"
AT&T-手机网络运营商诚聘销售若干,发布于: 2023/05/24   10:37 am,"招聘,全职,销售,Orange County,AT&T by Wecan,否"
洛杉矶海外仓 招牌办公室文员,发布于: 2023/06/21   3:54 pm,"招聘,全职,文职人员,其他地区,Fontana warehouse,Fontana,否"
上市银行 - 征求行员多名,发布于: 2022/03/05   9:42 am,"招聘,全职,文职人员,其他地区,跨國上市銀行,否"
林大卫保险团队招聘全职Agent丶助理,发布于: 2020/07/29   12:10 pm,"招聘,全职,文职人员,San Gabriel周边地区,林大卫保险,否"
励驰旅游招聘 英文客服 导游 助理 IT前端开发/测试,发布于: 2022/12/29   5:30 pm,"招聘,全职,文职人员,San Gabriel周边地区,励驰旅游 Ritz Tours,208 S 1st Alhambra California,否"
招聘 司机,发布于: 2022/03/14   10:58 pm,"招聘,司机,其他,其他地区,银河国际,6118 Sheila St, Commerce CA 90040,否"
Irvine面食店,发布于: 2023/07/21   5:32 pm,"招聘,全职,餐厅,Orange County,noodles,irvine irvine,否"
旅游公司诚聘全职巴士调度助理,发布于: 2022/12/14   12:52 pm,"招聘,全职,其他,San Gabriel周边地区,Four Season Travel LLC,否"
海外仓招长期分货工,发布于: 2023/07/21   5:29 pm,"招聘,全职,仓库,Rowland Heights周边地区,否"
Ontario公司诚聘 办公室OP,发布于: 2022/01/04   5:05 pm,"招聘,全职,文职人员,Chino周边地区,JHD CORP,否"
急招 Import pricing Coordinator,发布于: 2020/09/22   9:57 am,"招聘,全职,文职人员,Rowland Heights周边地区,否"
Ontario公司 招仓库操作员(需能合法报税）,发布于: 2022/01/04   6:25 pm,"招聘,全职,仓库,Chino周边地区,JHD CORP,否"
美甲店招聘熟手小工,发布于: 2023/07/21   5:08 pm,"招聘,全职,其他,San Gabriel周边地区,否"
周末临时换标操作员 - Ontario机场附近,发布于: 2022/04/12   9:03 am,"招聘,全职,仓库,其他地区,否"
solo 长途司机,发布于: 2018/03/18   7:28 am,"招聘,全职,司机,Chino周边地区,否"
招聘牙医助理-Temple City,发布于: 2023/07/21   4:50 pm,"招聘,全职,其他,San Gabriel周边地区,Beautiful Dentistry Temple City,9675 Lsa Tunas Dr Temple City,否"
"Ontario仓库高薪招聘客服人员,仓库人员",发布于: 2023/07/19   8:52 am,"招聘,全职,仓库,Chino周边地区,KFL,否"
Hiring A Dental Assistant 牙医助理,发布于: 2023/07/21   4:28 pm,"招聘,全职,文职人员,San Gabriel周边地区,Beautiful Dentistry Temple City,9675 Las Tunas Dr Temple City,否"
"诚招全职比特币矿场运维工程师,待遇优厚包住宿保险有餐补 ！",发布于: 2023/07/21   4:17 pm,"招聘,全职,电脑相关,其他地区,Syncunit,Rockdale Texas,否"
工业市海外仓招聘 - 仓库工人1名,发布于: 2023/07/21   4:56 pm,"招聘,全职,仓库,Rowland Heights周边地区,HYTX,否"
工业市华人仓库招聘仓库各种专业人才,发布于: 2022/02/21   4:15 pm,"招聘,全职,仓库,Rowland Heights周边地区,工业市华人仓库招聘专业人才,City of Industry CA,否"
诚招 行政助理,发布于: 2023/04/13   10:25 am,"招聘,全职,文职人员,San Gabriel周边地区,美国互惠财富集团,2390 Huntington Dr San Marino CA,否"
Ontario地区招聘客服产品支持人员,发布于: 2023/04/11   5:05 pm,"招聘,全职,仓库,Chino周边地区,否"
家具公司办公室经理起薪3500-4500,发布于: 2023/04/07   1:03 pm,"招聘,全职,文职人员,Rowland Heights周边地区,ARTISAN FURNITURE,19224 E Walnut Dr N Unit F Rowland Hghts CALIFORNIA,否"
求职有零7年经验老师傅美甲美睫,发布于: 2023/07/21   4:34 pm,"求职,全职,其他,Rowland Heights周边地区"
"[招] 民宿清洁人员,兼职时薪$16",发布于: 2023/07/21   4:32 pm,"招聘,兼职,其他,Rowland Heights周边地区,否"
诚聘：EA 注册税务师（Enrolled Agent）,发布于: 2021/07/05   5:16 pm,"招聘,全职,文职人员,San Gabriel周边地区,沃德科技 - 1DBW GROUP,251 South Lake Ave Pasadena CA,否"
诚聘码头司机,发布于: 2023/07/12   4:53 pm,"招聘,全职,司机,Rowland Heights周边地区"
招聘,发布于: 2023/07/21   4:23 pm,"招聘,全职,餐厅,Rowland Heights周边地区"
"物流公司诚聘海运操作员及空运操作员,可OPT,H1B",发布于: 2022/09/20   4:10 pm,"招聘,全职,文职人员,Rowland Heights周边地区,starco logistics inc,18350 San Jose Avenue CITY OF INDUSTRY CA,否"
招打杂,发布于: 2023/07/21   4:16 pm,"招聘,全职,餐厅,其他地区,否"
招聘卡车司机,发布于: 2023/07/21   4:12 pm,"招聘,全职,司机,San Gabriel周边地区,否"
Arcadia潮牌店招聘,发布于: 2023/07/14   1:29 am,"招聘,全职,销售,San Gabriel周边地区,否"
招牌码头司机,发布于: 2023/06/28   3:13 pm,"招聘,全职,司机,Rowland Heights周边地区,否"
快递公司招募客服,发布于: 2023/07/21   4:06 pm,"招聘,全职,文职人员,San Gabriel周边地区,否"
急招通勤做饭阿姨,发布于: 2023/07/21   4:02 pm,"招聘,兼职,其他,San Gabriel周边地区"
Fontana 会计助理,发布于: 2023/03/02   2:34 pm,"招聘,全职,文职人员,其他地区,Icebear Powersports,10580 Mulberry Ave Fontana CA,否"
招聘北加湾区快递司机,发布于: 2023/07/21   4:00 pm,"招聘,全职,司机,其他地区,否"
环球商务 诚聘 全职金融服务销售 （提供H1B）,发布于: 2018/09/12   4:08 pm,"招聘,全职,销售,San Gabriel周边地区,Universal Processing 环球商务,411 E Huntington Dr Suite 307 Arcadia CA,否"
招聘：A照卡车司机,发布于: 2023/07/20   11:04 am,"招聘,全职,司机,San Gabriel周边地区,否"
Rancho仓库招聘,发布于: 2023/01/31   12:22 pm,"招聘,全职,仓库,其他地区,Sino,否"
南埃尔蒙特小型工厂招聘焊工成手,发布于: 2023/03/27   11:21 am,"招聘,全职,其他,San Gabriel周边地区,铁甲武士,9822 Alpaca St South El Monte California,否"
招聘Rancho仓库人员,发布于: 2023/04/12   12:26 pm,"招聘,全职,仓库,Chino周边地区,否"
"诚招市场专员,销售顾问,客服顾问",发布于: 2023/05/01   5:19 pm,"招聘,实习生,其他,大学周边地区,是"
仓库工厂经理,发布于: 2020/11/10   12:35 pm,"招聘,CALHOME INC,否"
征办公室人员,发布于: 2021/11/01   3:09 pm,"招聘,全职,文职人员,San Gabriel周边地区,UPC Medical Supplies, Inc,11030 Weaver Avenue South El Monte CA,否"
超市招聘周六周日促销试吃试吃员数名,发布于: 2023/07/21   3:45 pm,"招聘,其他,其他,San Gabriel周边地区,否"
Ontario 招聘库房普工,发布于: 2022/02/28   2:32 pm,"招聘,全职,其他,Chino周边地区,REALRELAX INC,1885 S VINEYARD AVE Ontario CA,否"
招聘E-commerce网络销售及客服,发布于: 2022/05/19   3:01 pm,"招聘,全职,销售,Rowland Heights周边地区,San Dimas高科技电子公司,否"
采购员店内导购员 各一名,发布于: 2022/10/11   11:57 pm,"招聘,全职,销售,Chino周边地区,百货商店 OUTLET ABL,否"
Rancho海外仓高薪诚聘Office文员 !,发布于: 2023/07/21   3:38 pm,"招聘,全职,文职人员,Chino周边地区,Shipperzone,否"
安大略机场附近 每小时$20 仓库工人 太阳能设备企业福利好,发布于: 2023/07/21   3:36 pm,"招聘,全职,仓库,Chino周边地区,Rich Solar,否"
Pomona 招仓库人员 兼local送货司机,发布于: 2021/10/19   11:20 am,"招聘,全职,仓库,Chino周边地区,否"
Rancho海外仓高薪诚聘仓库工人,发布于: 2023/07/21   3:36 pm,"招聘,全职,仓库,Chino周边地区,Shipperzone,否"
Ontario 大型仓储物流客户服务专员,发布于: 2023/07/21   10:20 am,"招聘,全职,文职人员,Chino周边地区,WESTREN POST ,4600 E WALL ST ONTARIO,否"
Industry卡车公司招 Team 司机,发布于: 2023/06/29   1:10 pm,"招聘,全职,司机,Rowland Heights周边地区,Bigbear Trucking Corp,否"
找前台后厨,发布于: 2023/07/21   3:27 pm,"招聘,全职,餐厅,San Gabriel周边地区,top grill tea,arcadia,否"
"诚聘Amazon eBay电商销售/客服/打单(均需合法报税,可申请身份)",发布于: 2018/06/07   5:13 pm,"招聘,全职,文职人员,Orange County,Sunshades Depot Inc,否"
走四方旅游网招聘 旅游销售顾问,发布于: 2019/12/12   10:33 am,"招聘,全职,文职人员,Rowland Heights周边地区,走四方旅游网,否"
美国陆军招兵（Army Recruiting office Pasadena),发布于: 2021/07/20   4:55 pm,"招聘,全职,其他,San Gabriel周边地区,U.S. Army,1229 E Colorado Blvd Suite 150 Pasadena CA,否"
Riverside 药房招司机 男女不限,发布于: 2023/06/15   10:56 am,"招聘,全职,司机,其他地区,否"
华人区新开室内游泳学校招聘前台及教练,发布于: 2023/01/03   12:40 pm,"招聘,兼职,其他,Rowland Heights周边地区,Swimtelligent Swim Club,West Covina CA,否"
美式中餐请企台,发布于: 2023/07/21   3:18 pm,"招聘,全职,餐厅,其他地区,cf,oceanside coceanside ca,否"
仓库工作人员,发布于: 2020/08/13   9:44 pm,"招聘,全职,仓库,Orange County,Rosevera,14301 S Gannet st LA MIRADA CA,否"
AmCan美加集团 招聘移民咨询顾问,发布于: 2023/07/20   4:30 pm,"招聘,全职,销售,Orange County,AmCan Group 美加集团,2100 Main Street Suite 102 Irvine CA,否"
美国尔湾 招聘移民公司市场总监 高薪！待遇优！,发布于: 2023/02/15   2:07 pm,"招聘,全职,其他,Orange County,AmCan Group,2100 Main Street Irvine CA,否"
A照司机想自己当老板的看过来,发布于: 2023/03/10   4:35 pm,"其他,司机,其他,其他地区"
蒙特克莱超市招寿司师傅200/天,发布于: 2023/07/21   3:13 pm,"招聘,全职,餐厅,Rowland Heights周边地区,fujisan,5281 Holt Blvd Montclair ca,否"
征工人,发布于: 2019/02/13   2:01 am,"招聘,全职,其他,San Gabriel周边地区,公司诚征,1619 W GARVEY AVE N., WEST COVINA CA,否"
大型医学美容中心招聘前台/有经验咨询师,发布于: 2018/04/24   10:57 pm,"招聘,全职,文职人员,San Gabriel周边地区,CA,否"
东谷海外仓急聘兼职点数晚6:30到8:30,发布于: 2022/11/07   10:41 am,"招聘,全职,仓库,Chino周边地区,Wingtat Cargo USA INC,14939 summit Dr eastvale CA,否"
奇诺仓库Chino Warehouse 招聘全职长期稳定员工 有发展前景及提升机会,发布于: 2022/06/28   5:42 pm,"招聘,全职,仓库,Chino周边地区"
诚聘仓库及配送人员 (提供保险、带薪休假、401K),发布于: 2021/05/05   5:12 pm,"招聘,全职,仓库,San Gabriel周边地区,CNS Imports,否"
Customer Service / Office Clerk -Irvine,发布于: 2023/07/12   4:24 pm,"招聘,全职,其他,Orange County,Irvine 92614,否"
建材公司高薪诚聘驻店销售,发布于: 2023/01/10   2:25 pm,"招聘,全职,销售,Rowland Heights周边地区,欧森地板,17181 Gale Ave city of industry CA,否"
Baldwin Park 招聘仓库部门主管,发布于: 2023/07/20   4:52 pm,"招聘,全职,仓库,San Gabriel周边地区,Blue Ocean Inc,否"
清洁公司 招聘,发布于: 2021/11/04   9:33 am,"招聘,兼职,其他,San Gabriel周边地区,否"
东区仓库招人,发布于: 2023/07/06   9:13 am,"招聘,全职,仓库,Chino周边地区,Joveco inc,1669 PUDDINGSTONE DR. LA VERNE CA,否"
arcadia mall高级花礼店招聘销售兼花艺助理,发布于: 2023/05/29   1:53 pm,"招聘,兼职,销售,San Gabriel周边地区,否"
Office Assistant,发布于: 2019/07/26   1:04 pm,"招聘,全职,文职人员,Orange County"
急招！工业市仓库招聘,发布于: 2023/07/17   4:49 pm,"招聘,全职,文职人员,Rowland Heights周边地区,工业市仓库招聘 ,否"
卡车公司招会计,发布于: 2023/07/19   10:35 am,"招聘,全职,文职人员,Rowland Heights周边地区,否"
Eastvale海外仓诚聘 兼职 点数专员,发布于: 2023/07/21   2:43 pm,"招聘,兼职,仓库,Chino周边地区,GOODWAREHOUSE LLC,14939 summit Dr Eastvale CA,否"
"招聘业务助理（公司培养新人,待遇良好）",发布于: 2023/07/21   2:40 pm,"招聘,全职,文职人员,Rowland Heights周边地区,BS VILLA CONSTRUCTION MATERIALS CORP,City of Industry CA,否"
诚征仓库出货员,发布于: 2023/01/24   5:10 pm,"招聘,全职,仓库,Chino周边地区,否"
Ontario 仓库招聘,发布于: 2021/12/10   1:46 pm,"招聘,全职,仓库,其他地区,否"
进出口公司招聘仓库助理（女）,发布于: 2023/07/21   2:34 pm,"招聘,全职,仓库,San Gabriel周边地区,YAT IMPORTS,9041 dice road #17 santa fe spring California,否"
ONTARIO招聘仓库操作叉车工2名,发布于: 2023/07/20   6:56 pm,"招聘,全职,仓库,Chino周边地区,物流公司,否"
奇诺仓库招聘管理人员,发布于: 2023/07/18   10:08 am,"招聘,全职,仓库,Chino周边地区,Alorair Solutions,否"
诚聘美甲师、美睫师,发布于: 2022/12/13   9:56 am,"招聘,全职,其他,San Gabriel周边地区"
出租Doordash,发布于: 2023/07/21   2:23 pm,"招聘,全职,司机,Rowland Heights周边地区,否"
诚聘睫毛技师及前台待遇高可全职可兼职,发布于: 2021/04/08   9:13 pm,"招聘,其他,其他,Rowland Heights周边地区,否"
国际物流-诚聘会计,发布于: 2023/07/21   2:22 pm,"招聘,全职,文职人员,Rowland Heights周边地区,物流公司,否"
医生门诊前台助理 (高薪)- Front Desk Receptionist,发布于: 2023/05/08   10:22 pm,"招聘,全职,文职人员,San Gabriel周边地区,iCare Medical Group,否"
药房配中药,发布于: 2022/05/02   12:05 pm,"招聘,兼职,其他,其他地区,TCM Healing Center,Inc.,12304 Sabta Minica Blvd Suite 120 Los Angeles CA 90025,否"
美国海军陆战队,发布于: 2023/06/05   1:51 pm,"招聘,全职,其他,San Gabriel周边地区,海军陆战队,否"
仓库助理-Montclair,发布于: 2023/07/17   5:42 am,"招聘,全职,仓库,Chino周边地区,Office,Montclair CA,否"
工业市仓库 招叉车工,发布于: 2023/01/16   4:32 pm,"招聘,仓库,其他,Rowland Heights周边地区,sharklet lighting,16801 Gale Avenue City of Industry CA,否"
Lionext Inc 洛杉矶海关保税仓、普通仓储 诚招仓储操作3 名 招聘广告,发布于: 2022/09/06   11:24 pm,"招聘,全职,仓库,其他地区,Lionext Inc,13021 Leffingwell Rd Santa Fe Springs ca,否"
诚聘! 空运OP助理！ 美国速通清关行 - 海关监管仓 诚聘 空运OP助理 Air Freight Operation assistant,发布于: 2022/05/31   4:48 pm,"招聘,全职,文职人员,其他地区,美国速通清关行 ｜Speed C CHB Inc.,5510 W 104th St Los Angeles,否"
招聘客服专员,发布于: 2023/07/21   2:06 pm,"招聘,全职,文职人员,Chino周边地区,Westernpost LLC,4600 E. Wall St Ontario CA,否"
chino 招仓库工,发布于: 2023/07/13   1:02 pm,"招聘,全职,仓库,Chino周边地区,否"
诚聘 加州ONTARIO仓库工人 （时薪16 25/小时）,发布于: 2023/07/21   1:58 pm,"招聘,全职,仓库,其他地区,FREELAND EXCEED INC,2520 E Francis Street ONTARIO CA,否"
Ontario 全职仓库人员,发布于: 2020/05/19   1:13 pm,"招聘,全职,仓库,Chino周边地区,否"
"诚聘：待遇从优,招聘汽车销售2名（Rosemead店面）招聘 汽车玻璃贴膜师傅,",发布于: 2021/07/25   3:34 pm,"招聘,全职,销售,大学周边地区,否"
"全新顶配塞纳8坐2023款航空座椅,洛杉矶接送机,包车旅游。",发布于: 2023/07/21   1:55 pm,"求职,全职,司机,San Gabriel周边地区"
工业市海外仓招聘,发布于: 2023/07/21   1:54 pm,"招聘,全职,仓库,San Gabriel周边地区,YiTong Logistic Inc,2550 Pellissier Pl, City of Industry CA,否"
Miniso USA- Logistics Specialist,发布于: 2023/07/21   1:53 pm,"招聘,全职,文职人员,Rowland Heights周边地区,Miniso USA,否"
"海外仓招办公室助理,财务助理,26尺司机,叉车师傅,仓库工",发布于: 2023/06/28   6:31 pm,"招聘,全职,仓库,Chino周边地区,否"
City of Industry-诚聘网络工程师,发布于: 2023/07/05   8:11 am,"招聘,全职,电脑相关,Rowland Heights周边地区,FS.COM,15241 Don Julian Rd City of Industry CA,否"
海外仓招聘,发布于: 2023/04/27   12:05 pm,"招聘,全职,文职人员,Chino周边地区,HYTX Logistics LLC,347EnterprisePlace, Pomona California,否"
EL MONTE 招聘仓库人员打包(男女都可以）,发布于: 2023/04/12   9:53 am,"招聘,全职,仓库,San Gabriel周边地区,10699 Hickson St El Monte CA,否"
Miniso USA- 急招 HR Coordinator,发布于: 2023/07/12   1:28 pm,"招聘,全职,文职人员,Rowland Heights周边地区,Miniso USA - 名创优品,否"
"专业房屋室内外油漆,各种家具橱柜。钢结构,铁艺油漆。橱柜翻新！房屋维修。",发布于: 2023/07/21   1:48 pm,"求职,全职,其他,San Gabriel周边地区"
诚征仓库包装工,发布于: 2017/07/07   2:26 pm,"招聘,全职,仓库,其他地区,否"
诚聘营销专员 月薪3500-5500,发布于: 2023/05/09   2:09 pm,"招聘,全职,文职人员,Rowland Heights周边地区,Homaxi Inc,15310 VALLEY BLVD CITY OF INDUSTRY CA,否"
City of Industry 进出口公司高薪请人,发布于: 2019/03/11   3:21 pm,"其他,全职,文职人员,Rowland Heights周边地区"
卡车公司招聘有经验会计一名/Accounting Position at Trucking Company （欢迎会计专业毕业生）,发布于: 2023/07/05   11:54 am,"招聘,全职,文职人员,其他地区,Link US,否"
THREE FORT Logistics 全职仓库操作员若干,发布于: 2021/04/12   10:41 am,"招聘,全职,仓库,其他地区,THREE FORT Logistics,FONTANA,否"
诚聘 办公室助理 行政人员 支持留学生H1B,发布于: 2022/10/24   1:55 pm,"招聘,全职,文职人员,Rowland Heights周边地区,我们商城,San Dimas CA,否"
司机招聘,发布于: 2023/07/21   1:31 pm,"招聘,兼职,司机,Rowland Heights周边地区,NESTMii Group Inc.,否"
在家工作的甜品罐装 只要罗兰岗周边！,发布于: 2023/07/21   1:29 pm,"招聘,兼职,其他,Rowland Heights周边地区,NESTMii Group Inc.,否"
诚招Ａ照卡车司机,发布于: 2023/07/20   4:08 pm,"招聘,全职,司机,Chino周边地区,否"
招聘行政内勤,发布于: 2023/01/18   2:11 pm,"招聘,全职,文职人员,Rowland Heights周边地区,happyshow internatianal inc,987 w holt ave Pomona ca,否"
租doordash账号,发布于: 2023/07/21   1:15 pm,"求职,兼职,餐厅,San Gabriel周边地区"
"寿司吧诚聘寿司师傅,学徒",发布于: 2023/07/21   12:41 pm,"招聘,餐厅,其他,其他地区,否"
"仓库工,会用电钻",发布于: 2023/07/21   12:28 pm,"招聘,全职,仓库,Chino周边地区,否"
Rancho仓诚聘行政前台,发布于: 2023/07/21   11:00 am,"招聘,全职,文职人员,Chino周边地区,Efficiency International LLC.,Rancho Cucamonga CA,否"
ONTARIO海外仓招文员和熟手叉车师傅,发布于: 2023/05/30   11:56 am,"招聘,全职,仓库,Chino周边地区,Lizard storage group inc,1383 S CUCAMONGA AVE ONTARIO CA,否"
Ontario药品生产厂商招聘 会计1名,发布于: 2023/07/18   2:06 pm,"招聘,全职,文职人员,Chino周边地区,AMF,否"
专业人士寻求文字编辑文案企划类工作,发布于: 2023/07/19   12:34 am,"求职,全职,文职人员,Chino周边地区"
工业市华人卡车公司诚招Owner车主加盟,发布于: 2023/06/29   8:31 am,"其他,全职,司机,Rowland Heights周边地区"
大型印刷公司正在热招打印操作员/Label操作员/缝纫工/包装等岗位,发布于: 2022/06/14   2:40 pm,"招聘,全职,其他,San Gabriel周边地区,462 Humane Way Pomona CA 91766,否"
El Monte 海外仓高薪诚聘,发布于: 2023/06/06   10:09 am,"招聘,全职,仓库,其他地区,El Monte 海外仓,3350 Gilman Rd El Monte CA,否"
"招聘driver,office assistant。",发布于: 2022/12/19   11:50 am,"招聘,全职,司机,其他地区,ETIWANDA,否"
甲店请人,发布于: 2023/05/08   2:17 pm,"招聘,其他,其他,San Gabriel周边地区,Exotique nails,foothill bl Tujunga Ca,否"
Ontario international airport安大略国际机场附近招仓库工,发布于: 2022/01/10   3:24 pm,"招聘,全职,仓库,Chino周边地区,StarmerX international LLC,否"
东谷日餐请企台,发布于: 2023/05/05   11:22 pm,"招聘,兼职,餐厅,Chino周边地区,东谷 California,否"
明廊眼科/眼镜 诚招前台助理,发布于: 2023/06/05   5:27 pm,"招聘,兼职,文职人员,San Gabriel周边地区,明廊眼科,否"
欧舒丹Loccitane招员工,发布于: 2022/05/04   1:18 pm,"招聘,兼职,销售,San Gabriel周边地区,loccitane,否"
美甲美睫师,发布于: 2023/07/21   12:49 pm,"求职,全职,其他,San Gabriel周边地区"
doordash账号出租,发布于: 2023/07/21   12:46 pm,"招聘,全职,司机,San Gabriel周边地区,否"
​20年食品公司诚聘行政助理,发布于: 2023/07/21   10:31 am,"招聘,全职,文职人员,Rowland Heights周边地区,New Star 21,West Covina CA,否"
奶茶店招后厨,发布于: 2023/01/27   12:40 pm,"招聘,兼职,餐厅,其他地区,8500 Beverly Blvd 650 Los Angeles CA,否"
"比特币矿场运维人员,年薪7万,包吃包住,德州Austin附近",发布于: 2023/02/15   8:22 am,"招聘,全职,电脑相关,其他地区, KMINE Technology ,否"
Ironmaya 诚聘前台客服1名,发布于: 2023/06/29   1:18 pm,"招聘,兼职,其他,其他地区,Ironmaya Pet Grooming,否"
招聘ebay销售人员 E-commerce Online eBay Sales,发布于: 2023/02/23   3:59 pm,"招聘,全职,销售,其他地区,否"
求会计工作,发布于: 2023/07/21   12:25 pm,"求职,全职,文职人员,San Gabriel周边地区"
招聘海运柜操作,发布于: 2023/07/21   12:22 pm,"招聘,全职,仓库,Rowland Heights周边地区,starco,San jose Ave city of industry,否"
爱特精英教育集团（AITE Institute）多个岗位招聘中！,发布于: 2021/10/15   6:39 pm,"招聘,全职,其他,Orange County,AITE Institute,16 Truman St Irvine CA,否"
美股上市留学公司高薪诚聘留学销售顾问和文案老师,发布于: 2021/01/07   12:26 pm,"招聘,全职,文职人员,Orange County,加诚国际教育集团,否"
招码头司机,发布于: 2023/07/21   12:06 pm,"招聘,全职,司机,Chino周边地区,否"
物流公司仓库急聘,发布于: 2023/06/02   12:06 pm,"招聘,全职,仓库,San Gabriel周边地区,否"
好工作培训 学费低就业快福利好工作稳定,发布于: 2023/07/21   12:00 pm,"其他,全职,文职人员,San Gabriel周边地区"
双语办公室前台助理 (Bilingual Front Desk Office Assistant),发布于: 2023/07/11   11:05 pm,"招聘,全职,文职人员,San Gabriel周边地区,泛宇集團 TransGlobal,185 W. Chestnut Ave. Monrovia, CA 91016 Monrovia CA,否"
Ontario招办公室文员（应届也可）,发布于: 2023/07/21   11:54 am,"招聘,全职,文职人员,其他地区,LS,否"
招聘仓库员工-有驾照,发布于: 2023/07/20   2:49 pm,"招聘,全职,仓库,San Gabriel周边地区,Colorful Home Inc,3446 Fletcher Ave, fletcher ave El Monte CA,否"
招聘一年以上卡车司机。,发布于: 2023/01/31   12:30 pm,"招聘,司机,其他,其他地区,否"
招聘行政助理,发布于: 2023/05/10   3:16 pm,"招聘,全职,文职人员,Rowland Heights周边地区,City of industry South Carolina,否"
诚聘 儿童行为治疗师和督导（圣盖博谷、东区、北橙县）,发布于: 2023/05/29   1:01 pm,"招聘,其他,其他,San Gabriel周边地区,儿童行为治疗中心,否"
工业市卡车公司现在招仓库管理员 熟手叉车工,发布于: 2023/06/27   11:33 am,"招聘,全职,仓库,Rowland Heights周边地区,否"
"会计文员 （Accounting Clerk）待遇优厚,福利好",发布于: 2023/05/30   5:08 pm,"招聘,全职,文职人员,其他地区,中国电视有限公司 China Television Corporation (CTC),400 N Brand Blvd #960 Glendale CA,否"
招聘电商专员-欢迎OPT、协助H1B、支持L1,发布于: 2023/07/06   4:51 pm,"招聘,全职,销售,Rowland Heights周边地区,否"
Accountant(会计）,发布于: 2023/03/01   12:25 pm,"招聘,短期工作,文职人员,其他地区,BabyTrend Inc/Alpha Group,否"
"屋顶材料公司招聘全职 带薪培训,$17/hour 提成,保底 4,500.00",发布于: 2023/07/21   11:38 am,"招聘,全职,其他,San Gabriel周边地区,否"
"屋顶材料公司招聘全职 带薪培训,$17/hour 提成,保底 4,500.00",发布于: 2023/07/07   1:47 pm,"招聘,全职,其他,San Gabriel周边地区,否"
大统华超市（T&T Supermarkets) 洛杉矶办公室招Merchandising Admin Assistant,发布于: 2023/07/13   7:16 am,"招聘,全职,文职人员,San Gabriel周边地区,大統華超市（T&T Supermarkets),West Covina CA,否"
Hermes 门店销售代表 (LAX Airport),发布于: 2023/06/20   2:51 pm,"招聘,全职,销售,其他地区,IBTech Staffing,否"
码头卡车公司诚征财务助理,发布于: 2023/07/07   12:58 pm,"招聘,全职,文职人员,Rowland Heights周边地区,否"
找细木工修理客人家豪宅窗子,发布于: 2023/07/21   11:26 am,"招聘,其他,其他,San Gabriel周边地区,否"
海底捞尔湾诚聘后厨岗位 $16-28/小时（要求有相关工作经验）,发布于: 2023/06/27   9:21 am,"招聘,全职,其他,Orange County,Haidilao hot pot,2710 Alton Pkwy, 215 215 Irvine CA,否"
安大略国际机场附近电商公司诚招仓库工作人员,发布于: 2022/11/11   12:14 pm,"招聘,全职,仓库,其他地区,VIVOSUN INC,2775 E Philadelphia St Ontario CA,否"
招聘办公室文员,发布于: 2023/03/17   4:58 pm,"招聘,全职,文职人员,San Gabriel周边地区,P I ,751 Monterey Pass Road Monterey Park CA, 91754,否"
位于尔湾K-12教育机构现诚征全职或兼职行政助理,发布于: 2020/07/28   4:01 pm,"招聘,兼职,文职人员,Orange County,Ardent Academy for Gifted Youth,820 Roosevelt Irvine California,否"
诚聘周末兼职物业维修工,发布于: 2023/07/21   11:13 am,"招聘,兼职,其他,San Gabriel周边地区,Teamrise Property Management,否"
食品加工厂招工(City of Industry),发布于: 2022/11/16   4:49 pm,"招聘,全职,仓库,Rowland Heights周边地区,否"
仓库招工,发布于: 2023/07/21   11:06 am,"招聘,全职,仓库,Rowland Heights周边地区,否"
求职,发布于: 2023/02/03   10:14 pm,"求职,全职,电脑相关,San Gabriel周边地区"
位于Monterey Park 招聘仓库员工,发布于: 2021/03/10   11:50 pm,"招聘,全职,仓库,San Gabriel周边地区,否"
Chino仓库 91710招 仓库工作人员 简单英文,发布于: 2023/07/12   3:59 pm,"招聘,全职,仓库,Chino周边地区,否"
食品公司招聘工人,发布于: 2023/04/10   10:17 am,"招聘,其他,其他,Rowland Heights周边地区,否"
销售KEY ACCOUNTS助理,发布于: 2023/04/10   5:10 pm,"招聘,全职,销售,Chino周边地区,PetPals Group Inc.,Petpals Group Inc 1100 N Hellman Ave Ontario CA,否"
海外仓请人——财务人员,发布于: 2023/07/05   12:32 pm,"招聘,全职,仓库,Rowland Heights周边地区,仓库,否"
招聘收银员,发布于: 2022/05/08   10:47 am,"招聘,兼职,其他,Rowland Heights周边地区,小天鹅面包店,19745 Colima Rd Ste #14 Rowland Heights CA,否"
进口贸易公司招聘 仓库管理员,发布于: 2023/06/05   5:16 pm,"招聘,全职,仓库,其他地区,否"
"招聘实习生,销售经理 (支持opt/opt extension)",发布于: 2022/11/04   10:22 am,"招聘,Rowland Heights周边地区,观盛商务 SNG Solutions,17890 Castleton St. #398 Rowland Heights CA,否"
小型海鲜超市鱼部人员一名,发布于: 2023/07/21   10:39 am,"招聘,全职,其他,San Gabriel周边地区,阿明海鲜,171 E LIVE OAK AVE. UNIT A ARCADIA CA,否"
连锁卫浴公司诚聘店内 网络销售,发布于: 2023/06/20   11:02 am,"招聘,全职,销售,San Gabriel周边地区,Bathroom vanities wholesale Inc,13506 Sherman Way Van Nuys CA,否"
Fontana公司招聘 记账会计一名 中英文 Quickbook,发布于: 2021/02/25   12:30 pm,"招聘,全职,文职人员,其他地区,Icebear Powersports Inc,10580 Mulberry Ave Fontana California,否"
诚聘卡车司机,发布于: 2023/07/21   10:22 am,"招聘,全职,司机,Chino周边地区,否"
服装公司-招聘库管 EL MONTE,发布于: 2023/06/21   12:28 pm,"招聘,全职,仓库,其他地区,否"
海外仓招聘业务操作经理一名.,发布于: 2023/07/13   10:39 am,"招聘,全职,文职人员,Rowland Heights周边地区,STARCO LOGISTICS  INC,18350 San Jose Avenue CITY OF INDUSTRY CA,否"
永合丰诚聘蒙市门店收银女职员,发布于: 2022/10/27   2:27 pm,"招聘,全职,销售,San Gabriel周边地区,永合丰,否"
招聘移民律师楼普通文员（助理）一名,发布于: 2022/12/12   1:32 pm,"招聘,全职,文职人员,Chino周边地区,Diamond Bar CA,否"
Chino大型物流仓库招聘贴标工 $18/小时起,发布于: 2022/11/19   5:20 pm,"招聘,全职,仓库,Chino周边地区,否"
求职每天六点后工作周日可全天,发布于: 2023/07/21   10:14 am,"求职,兼职,司机,Chino周边地区"
高薪聘请贷款专员,发布于: 2022/02/22   12:34 pm,"招聘,全职,其他,Rowland Heights周边地区,New Dream Funding ,是"
电子产品公司仓库招聘,发布于: 2022/10/27   1:21 pm,"招聘,全职,仓库,Rowland Heights周边地区,Grandstream Networks,17059 Green Dr. City of Industry California,否"
掌握一技之长让你生活更有保障,发布于: 2023/07/21   10:08 am,"其他,全职,文职人员,San Gabriel周边地区"
"招聘美睫师-熟手六。四分成,半熟手五五分成,保底150一天",发布于: 2023/01/31   9:36 pm,"招聘,兼职,其他,Chino周边地区,ecDOnails & lash ,Wildorma CA,否"
"高薪诚聘仓库运营,提供H1B,包住宿,cover全部保险",发布于: 2023/04/14   9:58 am,"招聘,全职,仓库,其他地区,Artemis Power Tech,否"
卡车公司招Solo司机,发布于: 2023/07/13   11:16 am,"招聘,全职,司机,Rowland Heights周边地区,卡车公司,否"
工业市 仓库招叉车工。,发布于: 2023/06/05   10:52 am,"招聘,全职,仓库,Rowland Heights周边地区,CNC UNITE INC.,900 TURNBULL CANYON RD DOCK 10 CITY OF INDUSTRY CA,否"
招客服售后,发布于: 2023/07/21   10:01 am,"招聘,全职,仓库,San Gabriel周边地区,否"
工业市海外仓招人,发布于: 2023/06/24   4:50 pm,"招聘,全职,仓库,Rowland Heights周边地区,Leyo,否"
Office & Lab Assistant(Training position),发布于: 2023/05/18   12:30 pm,"招聘,全职,文职人员,San Gabriel周边地区,洛杉矶内窥镜维修配件中心 - Los Angeles Endoscope Ctr. LLC,351 E. Foothill Blvd. Suite 200 ARCADIA California,否"
招聘美甲师/美睫师,发布于: 2023/07/21   10:00 am,"招聘,全职,其他,San Gabriel周边地区,否"
自助餐找炒锅,发布于: 2023/07/21   9:58 am,"招聘,全职,其他,其他地区,china,否"
工业市物流中转仓招聘仓库文员,发布于: 2023/07/21   9:56 am,"招聘,全职,文职人员,Rowland Heights周边地区,Aknien Inc.,333 S Hacienda Blvd. City of Industry California,否"
哈岗肉类食材柜台招聘全职营业员/收银员Hacienda Heights,发布于: 2023/05/24   11:12 am,"招聘,全职,销售,Rowland Heights周边地区,否"
物流仓储操作人员,发布于: 2022/01/12   7:36 pm,"招聘,全职,仓库,其他地区,Savefavor Inc,90716 Hawaiian Gardens CA,否"
UP TO $18/小时 起步！诚聘仓库打包专员,发布于: 2022/08/04   3:18 pm,"招聘,全职,仓库,San Gabriel周边地区,AutoParts,Monterey Park,否"
Fontana 多岗位招聘,发布于: 2023/07/20   10:45 am,"招聘,全职,仓库,其他地区,JW Fulfillment,Fontana,否"
工业市物流中转仓招聘仓库文员,发布于: 2023/07/21   9:51 am,"招聘,全职,文职人员,Rowland Heights周边地区,Aknien Inc.,333 S Hacienda Blvd. City of Industry California,否"
Eastvale卡车公司招码头提柜司机,发布于: 2023/07/13   11:09 am,"招聘,全职,司机,Chino周边地区,homerun,14939 summit dr eastvale CA,否"
高薪招聘 公司出纳&办公室助理 Bookkeeper & Office Coordinator,发布于: 2022/06/17   2:16 pm,"招聘,全职,文职人员,Chino周边地区,Bloomsung Inc,11010 Juniper Avenue Fontana CA,否"
Rancho Cucamonga大型仓库退货质量检测员,发布于: 2023/07/20   2:32 pm,"招聘,全职,仓库,Chino周边地区,WESTREN POST ,9059 Hermosa Ave Rancho Cucamonga CA,否"
"招员工,橙县地区,尔湾,",发布于: 2023/02/18   10:54 am,"招聘,兼职,其他,Orange County"
Receiptionist / Administrative Assistant,发布于: 2022/02/07   2:28 pm,"招聘,全职,文职人员,San Gabriel周边地区,A CPA firm in Los Angeles County,否"
大型海外仓招聘仓库经理,发布于: 2023/01/26   2:08 pm,"招聘,全职,仓库,Rowland Heights周边地区,JW FULFILLMENT LAX INC,否"
诚聘办公室职员,发布于: 2023/07/10   11:22 am,"招聘,全职,文职人员,San Gabriel周边地区,South EL Monte 诚聘办公室文员,否"
Riverside招前台销售及仓库管理人员,发布于: 2023/07/17   11:52 am,"招聘,全职,仓库,其他地区,否"
工业市华人卡车公司招聘卡车修理工,发布于: 2023/07/21   9:37 am,"招聘,全职,其他,Rowland Heights周边地区,JW USA LINK,否"
诚聘全职仓库订单整理员,发布于: 2023/07/18   9:20 pm,"招聘,全职,仓库,Rowland Heights周边地区,食品公司,否"
仓库人员(男),发布于: 2023/07/20   9:29 am,"招聘,全职,仓库,Rowland Heights周边地区"
Ontario卡车公司招聘A照卡车司机,发布于: 2023/07/21   9:30 am,"招聘,全职,司机,Chino周边地区,否"
罗兰岗贴膜店招,发布于: 2023/07/21   9:29 am,"招聘,全职,其他,Rowland Heights周边地区,否"
急聘安大略理货员,发布于: 2023/05/04   12:00 pm,"招聘,全职,文职人员,Chino周边地区,yh,Ontario,否"
"加州不提卸0.7/迈,全新款自动挡车请team卡车司机",发布于: 2021/07/28   9:20 am,"招聘,全职,文职人员,Chino周边地区,洛杉矶物流,否"
电商仓库全职,发布于: 2023/07/13   9:40 am,"招聘,全职,仓库,San Gabriel周边地区,1234buy,否"
NVOCC国际物流公司诚征OP操作,发布于: 2023/05/12   9:37 am,"招聘,全职,文职人员,Rowland Heights周边地区,PAVILION LOGISTICS INC,DIAMOND BAR,否"
Sales Assistant,发布于: 2020/10/21   5:18 pm,"招聘,全职,销售,San Gabriel周边地区,Alhambra CA,否"
工业市华人卡车公司诚招Owner车主加盟,发布于: 2023/07/21   9:21 am,"招聘,全职,其他,Rowland Heights周边地区,JW USA LINK,否"
AmCan美加集团招聘市场拓展经理 Market Development Manager,发布于: 2023/03/20   12:43 pm,"招聘,全职,其他,Orange County,AmCan Group 美加集团,2100 Main Street Suite 102 Irvine CA,否"
美国尔湾 招聘移民留学部顾问/留学部经理,发布于: 2022/06/30   9:44 am,"招聘,全职,销售,Orange County,AmCan Group,2100 Main Street Irvine CA Irvine CA,否"
物流公司行政主管招聘,发布于: 2023/07/14   10:00 am,"招聘,全职,文职人员,Chino周边地区,Cirro,RAMONA AVE CHINO CA 91709 Chino-奇诺 CA,否"
Rancho仓库诚聘收货组组长,发布于: 2023/06/24   5:57 pm,"招聘,全职,仓库,Chino周边地区,Efficiency International LLC.,Rancho Cucamonga CA,否"
Arcadia会计事务所诚聘会计,发布于: 2022/04/20   2:04 pm,"招聘,全职,文职人员,San Gabriel周边地区,否"
